<ClinicalDocument xmlns:ext="http://ns.electronichealth.net.au/Ci/Cda/Extensions/3.0"
  xmlns:xsi="http://www.w3.org/2001/XMLSchema-instance"
  xmlns="urn:hl7-org:v3">
  <!-- Begin Common Header Part -->
  <typeId root="2.16.840.1.113883.1.3" extension="POCD_HD000040" />
  <templateId root="1.2.36.1.2001.1001.100.1002.218" extension="1.1" />
  <templateId root="1.2.36.1.2001.1001.100.1002.32046" extension="1.0" />
  <templateId extension="1.0" root="1.2.36.1.2001.1001.100.149" />
  <id root="1.2.36.2501047616.37544.18039.36495.17041040303639102" />
  <code code="100.32046" codeSystem="1.2.36.1.2001.1001.101" codeSystemName="NCTIS Data Components" displayName="Medication Chart" />
  <title>Residential Care Medication Chart</title>
  <effectiveTime value="20240321" />
  <confidentialityCode nullFlavor="NA" />
  <languageCode code="en-AU" />
  <setId root="C438EF1E-5125-4DB5-8E7E-CE30AD046A41" />
  <versionNumber value="2" />
  <ext:completionCode code="F" codeSystem="1.2.36.1.2001.1001.101.104.20104" codeSystemName="NCTIS Document Status Values" displayName="Final" />
  <!-- End Common Header Part -->
  <!-- Begin recordTarget -->
  <recordTarget typeCode="RCT">
    <patientRole classCode="PAT">
      <id root="09D3396D-6345-4C1C-A9FE-7756C0E4BAFA" />
      <addr use="H">
        <streetAddressLine>130 Tarpeian Est</streetAddressLine>
        <city>Lake Plains</city>
        <state>SA</state>
        <postalCode>5255</postalCode>
      </addr>
      <telecom use="H" value="tel:0499999999" />
      <patient>
        <name use="L">
          <given>Merrilee</given>
          <family>JOHNS</family>
        </name>
        <administrativeGenderCode code="N" codeSystem="2.16.840.1.113883.13.68" codeSystemName="AS 5017-2006 Health Care Client Identifier Sex" displayName="Not Stated/Inadequately Described" />
        <birthTime value="19820610" />
        <ethnicGroupCode code="9" codeSystem="1.2.36.1.2001.1004.200.10012" codeSystemName="METeOR Indigenous Status" displayName="Not stated/inadequately described" />
        <ext:deceasedInd value="false" />
        <ext:asEntityIdentifier classCode="IDENT">
          <ext:id root="1.2.36.1.2001.1003.0.8003608000311951" assigningAuthorityName="IHI" />
          <ext:assigningGeographicArea classCode="PLC">
            <ext:name>National Identifier</ext:name>
          </ext:assigningGeographicArea>
        </ext:asEntityIdentifier>
      </patient>
    </patientRole>
  </recordTarget>
  <!-- End recordTarget -->
  <author>
    <time value="20240321" />
    <assignedAuthor>
      <id root="3A151B56-AF80-492B-8901-A8F16EF144E4" />
      <code code="253111" codeSystem="2.16.840.1.113883.13.62" codeSystemName="1220.0 - ANZSCO - Australian and New Zealand Standard Classification of Occupations, First Edition, 2006" displayName="General Medical Practitioner" />
      <addr use="WP">
        <streetAddressLine>1 Clinician Street</streetAddressLine>
        <city>Nehtaville</city>
        <state>QLD</state>
        <postalCode>5555</postalCode>
        <additionalLocator>32568931</additionalLocator>
        <country>Australia</country>
      </addr>
      <telecom use="WP" value="tel:0712341234" />
      <assignedPerson>
        <name>
          <given>Maisie</given>
          <family>FORD</family>
        </name>
        <!-- HPII based Employee Identifier -->
        <ext:asEntityIdentifier classCode="IDENT">
          <ext:id root="1.2.36.1.2001.1003.0.8003611566713495" assigningAuthorityName="HPI-I" />
          <ext:assigningGeographicArea classCode="PLC">
            <ext:name>National Identifier</ext:name>
          </ext:assigningGeographicArea>
        </ext:asEntityIdentifier>
        <ext:asEmployment classCode="EMP">
          <ext:employerOrganization>
            <name use="ORGL">Strong Room</name>
            <asOrganizationPartOf>
              <wholeOrganization>
                <name use="ORGL">Strong Room</name>
                <ext:asEntityIdentifier classCode="IDENT">
                  <ext:id root="1.2.36.1.2001.1003.0.8003623233372670" assigningAuthorityName="HPI-O" />
                  <ext:assigningGeographicArea classCode="PLC">
                    <ext:name>National Identifier</ext:name>
                  </ext:assigningGeographicArea>
                </ext:asEntityIdentifier>
              </wholeOrganization>
            </asOrganizationPartOf>
          </ext:employerOrganization>
        </ext:asEmployment>
      </assignedPerson>
    </assignedAuthor>
  </author>
  <!-- End author -->
  <!-- Begin legalAuthenticator -->
  <!-- <legalAuthenticator>
    <time value="200910201235+1000" />
    <signatureCode code="S" />
    <assignedEntity>
      <id root="123F9366-78EC-11DF-861B-EE24DFD72085" />
      <code code="253111" codeSystem="2.16.840.1.113883.13.62" codeSystemName="1220.0 - ANZSCO - Australian and New Zealand Standard Classification of
  Occupations, First Edition, Revision 1" displayName="General Medical Practitioner" />
      <addr use="WP">
        <streetAddressLine>1 Clinician Street</streetAddressLine>
        <city>Nehtaville</city>
        <state>QLD</state>
        <postalCode>5555</postalCode>
      </addr>
      <telecom use="WP" value="tel:0712341234" />
      <assignedPerson>
        <name>
          <prefix>Dr.</prefix>
          <given>General</given>
          <family>Doctor</family>
        </name>
        <ext:asEntityIdentifier classCode="IDENT">
          <ext:id assigningAuthorityName="HPI-I" root="1.2.36.1.2001.1003.0.8003611566682112" />
          <ext:assigningGeographicArea classCode="PLC">
            <ext:name>National Identifier</ext:name>
          </ext:assigningGeographicArea>
        </ext:asEntityIdentifier>
      </assignedPerson>
      <representedOrganization>
        <name>Good Health Clinic</name>
        <ext:asEntityIdentifier classCode="IDENT">
          <ext:id assigningAuthorityName="HPI-O" root="1.2.36.1.2001.1003.0.8003621566684455" />
          <ext:assigningGeographicArea classCode="PLC">
            <ext:name>National Identifier</ext:name>
          </ext:assigningGeographicArea>
        </ext:asEntityIdentifier>
      </representedOrganization>
    </assignedEntity>
  </legalAuthenticator> -->
  <!-- End legalAuthenticator -->
  <!-- Begin custodian -->
  <custodian>
    <assignedCustodian>
      <representedCustodianOrganization>
        <id root="E61669E6-2D08-4821-960D-9E93026DE979" />
        <name>Strong Room</name>
        <ext:asEntityIdentifier classCode="IDENT">
          <ext:id root="1.2.36.1.2001.1003.0.8003623233372670" assigningAuthorityName="HPI-O" />
        </ext:asEntityIdentifier>
      </representedCustodianOrganization>
    </assignedCustodian>
  </custodian>
  <!-- End custodian -->
  <participant typeCode="PART">
    <functionCode code="PCP" />
    <associatedEntity classCode="PROV">
      <id root="D1AE110F-E0FE-4038-A5C8-155CC2894920" />
      <code code="253111" codeSystem="2.16.840.1.113883.13.62" codeSystemName="1220.0 - ANZSCO - Australian and New Zealand Standard Classification of Occupations, First Edition, 2006" displayName="General Medical Practitioner" />
      <addr use="WP">
        <streetAddressLine>1 Clinician Street</streetAddressLine>
        <city>Nehtaville</city>
        <state>QLD</state>
        <postalCode>5555</postalCode>
        <country>Australia</country>
      </addr>
      <telecom value="tel: 0400000000" use="WP" />
      <associatedPerson>
        <name>
          <prefix>Dr.</prefix>
          <given>Allen</given>
          <family>Smith</family>
          <suffix>Jr.</suffix>
        </name>
        <!-- HPII based Employee Identifier -->
        <ext:asEntityIdentifier classCode="IDENT">
          <ext:id root="1.2.36.1.2001.1003.0.8003611566713495" assigningAuthorityName="HPI-I" />
          <ext:assigningGeographicArea classCode="PLC">
            <ext:name>National Identifier</ext:name>
          </ext:assigningGeographicArea>
        </ext:asEntityIdentifier>
        <ext:asEmployment classCode="EMP">
          <ext:employerOrganization>
            <name use="ORGL">Strong Room</name>
            <asOrganizationPartOf>
              <wholeOrganization>
                <name use="ORGL">Strong Room</name>
                <ext:asEntityIdentifier classCode="IDENT">
                  <ext:id root="1.2.36.1.2001.1003.0.8003623233372670" assigningAuthorityName="HPI-O" />
                  <ext:assigningGeographicArea classCode="PLC">
                    <ext:name>National Identifier</ext:name>
                  </ext:assigningGeographicArea>
                </ext:asEntityIdentifier>
              </wholeOrganization>
            </asOrganizationPartOf>
          </ext:employerOrganization>
        </ext:asEmployment>
      </associatedPerson>
    </associatedEntity>
  </participant>
  <!-- Begin Encounter Period -->
  <componentOf>
    <encompassingEncounter>
      <effectiveTime xsi:type="IVL_TS">
        <width value="3" unit="wk" />
        <!-- <low value="201112141100+1000" />-->
        <high value="20240321" />
      </effectiveTime>
    </encompassingEncounter>
  </componentOf>
  <!-- End Encounter Period -->
  <component>
    <structuredBody>
      <component>
        <section>
          <templateId root="1.2.36.1.2001.1001.101.101.16886"/>
          <id root="ba2fcd7a-e4b2-43ab-b5f6-33aeb7e38552" />
          <title>Referral to Bob</title>
          <text>
            <renderMultiMedia referencedObject="MM1"/>
          </text>
          <entry>
            <templateId root="1.2.36.1.2001.1001.101.102.16883"/>
            <observationMedia ID="MM1" classCode="OBS" moodCode="EVN">
              <id root="79693654-3d41-4e12-90f6-2ea6e4c02896" />
              <value mediaType="application/pdf" integrityCheck="C0/XBGWcpUCHEldRxJ7fvGIPjQQ=">
                <reference value="NCFU.pdf" />
              </value>
            </observationMedia>
          </entry>
        </section>
      </component>
    </structuredBody>
  </component>
</ClinicalDocument>