<ClinicalDocument xmlns:ext="http://ns.electronichealth.net.au/Ci/Cda/Extensions/3.0"
  xmlns:xsi="http://www.w3.org/2001/XMLSchema-instance"
  xmlns="urn:hl7-org:v3">
  <!-- Begin Common Header Part -->
  <typeId root="2.16.840.1.113883.1.3" extension="POCD_HD000040" />
  <templateId root="1.2.36.1.2001.1001.101.100.1002.132" extension="1.3" />
  <templateId root="1.2.36.1.2001.1001.100.149" extension="1.0" />
  <id root="1.2.36.2501047616.37544.18039.36495.170410403036301" />
  <code code="51852-2" codeSystem="2.16.840.1.113883.6.1" codeSystemName="LOINC" displayName="Letter" />
  <title>Specialist Letter</title>
  <effectiveTime value="20240321"/>
  <confidentialityCode nullFlavor="NA" />
  <languageCode code="en-AU" />
  <setId root="C438EF1E-5125-4DB5-8E7E-CE30AD046A41" />
  <versionNumber value="1" />
  <ext:completionCode code="F" codeSystem="1.2.36.1.2001.1001.101.104.20104" codeSystemName="NCTIS Document Status Values" displayName="Final"/>
  <!-- End Common Header Part -->
  <!-- Begin recordTarget -->
  <recordTarget typeCode="RCT">
    <patientRole classCode="PAT">
      <id root="8B2932C4-AD01-426D-935B-E3C463E8BAFD" />
      <!-- Address -->
      <addr use="H">
        <streetAddressLine>14 KONRAD GR</streetAddressLine>
        <city>AINSLIE</city>
        <state>ACT</state>
        <postalCode>2602</postalCode>
      </addr>
      <patient>
        <name use="L">
          <given>NA</given>
          <family>NA</family>
        </name>
        <administrativeGenderCode code="N" codeSystem="2.16.840.1.113883.13.68" codeSystemName="AS 5017-2006 Health Care Client Identifier Sex" displayName="Not Stated/Inadequately Described" />
        <birthTime value="19581009" />
        <ethnicGroupCode code="9" codeSystem="2.16.840.1.113883.3.879.291036" codeSystemName="METeOR Indigenous Status" displayName="Not stated/inadequately described"/>
        <ext:deceasedInd value="false"/>
        <ext:asEntityIdentifier classCode="IDENT">
          <ext:id root="1.2.36.1.2001.1003.0.8003608666976659" assigningAuthorityName="IHI" />
          <ext:assigningGeographicArea classCode="PLC">
            <ext:name>National Identifier</ext:name>
          </ext:assigningGeographicArea>
        </ext:asEntityIdentifier>
      </patient>
    </patientRole>
  </recordTarget>
  <!-- End recordTarget -->
  <!-- Begin author -->
  <author typeCode="AUT">
    <time value="20240321"/>
    <assignedAuthor>
      <id root="3A151B56-AF80-492B-8901-A8F16EF144E4" />
      <code code="253111" codeSystem="2.16.840.1.113883.13.62" codeSystemName="1220.0 - ANZSCO - Australian and New Zealand Standard Classification of Occupations, First Edition, 2006" displayName="General Medical Practitioner" />
      <addr use="WP">
        <streetAddressLine>1 Clinician Street</streetAddressLine>
        <city>Nehtaville</city>
        <state>QLD</state>
        <postalCode>5555</postalCode>
        <country>Australia</country>
      </addr>
      <telecom value="tel: 0400000000" use="WP" />
      <assignedPerson>
        <name>
          <given>Maisie</given>
          <family>FORD</family>
        </name>
        <!-- HPII based Employee Identifier -->
        <ext:asEntityIdentifier classCode="IDENT">
          <ext:id root="1.2.36.1.2001.1003.0.8003611566713495" assigningAuthorityName="HPI-I" />
          <ext:assigningGeographicArea classCode="PLC">
            <ext:name>National Identifier</ext:name>
          </ext:assigningGeographicArea>
        </ext:asEntityIdentifier>
        <ext:asEmployment classCode="EMP">
          <ext:employerOrganization>
            <name use="ORGL">Tes Health Service 838</name>
            <asOrganizationPartOf>
              <wholeOrganization>
                <name use="ORGL">Tes Health Service 838</name>
                <ext:asEntityIdentifier classCode="IDENT">
                  <ext:id root="1.2.36.1.2001.1003.0.8003623233372670" assigningAuthorityName="HPI-O" />
                  <ext:assigningGeographicArea classCode="PLC">
                    <ext:name>National Identifier</ext:name>
                  </ext:assigningGeographicArea>
                </ext:asEntityIdentifier>
              </wholeOrganization>
            </asOrganizationPartOf>
          </ext:employerOrganization>
        </ext:asEmployment>
      </assignedPerson>
    </assignedAuthor>
  </author>
  <!-- End author -->
  <!-- Begin custodian -->
  <custodian>
    <assignedCustodian>
      <representedCustodianOrganization>
        <id root="E61669E6-2D08-4821-960D-9E93026DE979"/>
        <name>Tes Health Service 838</name>
        <ext:asEntityIdentifier classCode="IDENT">
          <ext:id root="1.2.36.1.2001.1003.0.8003623233372670" assigningAuthorityName="HPI-O" />
        </ext:asEntityIdentifier>
      </representedCustodianOrganization>
    </assignedCustodian>
  </custodian>
  <!-- End custodian -->
  <participant typeCode="REFB">
    <time value="20240321" />
    <associatedEntity classCode="ASSIGNED">
      <id root="D1AE110F-E0FE-4038-A5C8-155CC2894920" />
      <code code="253111" codeSystem="2.16.840.1.113883.13.62" codeSystemName="1220.0 - ANZSCO - Australian and New Zealand Standard Classification of Occupations, First Edition, 2006" displayName="General Medical Practitioner" />
      <addr use="WP">
        <streetAddressLine>1 Clinician Street</streetAddressLine>
        <city>Nehtaville</city>
        <state>QLD</state>
        <postalCode>5555</postalCode>
        <country>Australia</country>
      </addr>
      <telecom value="tel: 0400000000" use="WP" />
      <associatedPerson >
        <name>
          <prefix>Dr.</prefix>
          <given>Allen</given>
          <family>Smith</family>
          <suffix>Jr.</suffix>
        </name>
        <!-- HPII based Employee Identifier -->
        <ext:asEntityIdentifier classCode="IDENT">
          <ext:id root="1.2.36.1.2001.1003.0.8003611566713495" assigningAuthorityName="HPI-I" />
          <ext:assigningGeographicArea classCode="PLC">
            <ext:name>National Identifier</ext:name>
          </ext:assigningGeographicArea>
        </ext:asEntityIdentifier>
        <ext:asEmployment classCode="EMP">
          <ext:employerOrganization>
            <name use="ORGL">Tes Health Service 838</name>
            <asOrganizationPartOf>
              <wholeOrganization>
                <name use="ORGL">Tes Health Service 838</name>
                <ext:asEntityIdentifier classCode="IDENT">
                  <ext:id root="1.2.36.1.2001.1003.0.8003623233372670" assigningAuthorityName="HPI-O" />
                  <ext:assigningGeographicArea classCode="PLC">
                    <ext:name>National Identifier</ext:name>
                  </ext:assigningGeographicArea>
                </ext:asEntityIdentifier>
              </wholeOrganization>
            </asOrganizationPartOf>
          </ext:employerOrganization>
        </ext:asEmployment>
      </associatedPerson>
    </associatedEntity>
  </participant>
  <!-- Begin Encounter Period -->
  <componentOf>
    <encompassingEncounter>
      <effectiveTime xsi:type="IVL_TS">
        <width value="3" unit="wk"/>
      </effectiveTime>
    </encompassingEncounter>
  </componentOf>
  <!-- End Encounter Period -->
  <component>
    <structuredBody>
      <component>
        <section>
          <title>Attached Content</title>
          <text mediaType="text/x-hl7-text+xml">
            <renderMultiMedia referencedObject="c12070dc-bf5d-4961-a694-a919b2a6a16d">
              <caption>Structured Body File</caption>
            </renderMultiMedia>
          </text>
          <entry>
            <observationMedia ID="c12070dc-bf5d-4961-a694-a919b2a6a16d" classCode="OBS" moodCode="EVN">
              <id root="79693654-3d41-4e12-90f6-2ea6e4c02896" />
              <value mediaType="application/pdf" integrityCheck="NPdy0GkAHgvThLC95bUSXThuw9M=">
                <reference value="NCFU.pdf" />
              </value>
            </observationMedia>
          </entry>
        </section>
      </component>
    </structuredBody>
  </component>
</ClinicalDocument>
