<ClinicalDocument xmlns:ext="http://ns.electronichealth.net.au/Ci/Cda/Extensions/3.0"
  xmlns:xsi="http://www.w3.org/2001/XMLSchema-instance"
  xmlns="urn:hl7-org:v3">
  <!-- Begin Common Header Part -->
  <typeId root="2.16.840.1.113883.1.3" extension="POCD_HD000040" />
  <templateId root="1.2.36.1.2001.1001.101.100.1002.132" extension="1.3" />
  <templateId root="1.2.36.1.2001.1001.100.149" extension="1.0" />
  <id root="1.2.36.2501047616.37544.18039.36495.170410403036329" />
  <code code="51852-2" codeSystem="2.16.840.1.113883.6.1" codeSystemName="LOINC"
    displayName="Letter" />
  <title>Specialist Letter</title>
  <effectiveTime value="20240321" />
  <confidentialityCode nullFlavor="NA" />
  <languageCode code="en-AU" />
  <setId root="C438EF1E-5125-4DB5-8E7E-CE30AD046A41" />
  <versionNumber value="1" />
  <ext:completionCode code="F" codeSystem="1.2.36.1.2001.1001.101.104.20104"
    codeSystemName="NCTIS Document Status Values" displayName="Final" />
  <!-- End Common Header Part -->
  <!-- Begin recordTarget -->
  <recordTarget typeCode="RCT">
    <patientRole classCode="PAT">
      <id root="8B2932C4-AD01-426D-935B-E3C463E8BAFD" />
      <addr use="H">
        <streetAddressLine>1 Patient Street</streetAddressLine>
        <city>Nehtaville</city>
        <state>QLD</state>
        <postalCode>5555</postalCode>
        <additionalLocator>32568931</additionalLocator>
        <country>Australia</country>
      </addr>
      <telecom use="H" value="tel:0499999999" />
      <patient>
        <name use="L">
          <given>NA</given>
          <family>NA</family>
        </name>
        <administrativeGenderCode code="N" codeSystem="2.16.840.1.113883.13.68"
          codeSystemName="AS 5017-2006 Health Care Client Identifier Sex"
          displayName="Not Stated/Inadequately Described" />
        <birthTime value="19581009" />
        <ethnicGroupCode code="9" codeSystem="2.16.840.1.113883.3.879.291036"
          codeSystemName="METeOR Indigenous Status" displayName="Not stated/inadequately described" />
        <ext:deceasedInd value="false" />
        <ext:asEntityIdentifier classCode="IDENT">
          <ext:id root="1.2.36.1.2001.1003.0.8003608666976659" assigningAuthorityName="IHI" />
          <ext:assigningGeographicArea classCode="PLC">
            <ext:name>National Identifier</ext:name>
          </ext:assigningGeographicArea>
        </ext:asEntityIdentifier>
      </patient>
    </patientRole>
  </recordTarget>
  <!-- End recordTarget -->
  <author>
    <time value="200910201235+1000" />
    <assignedAuthor>
      <id root="3A151B56-AF80-492B-8901-A8F16EF144E4" />
      <code code="253111" codeSystem="2.16.840.1.113883.13.62"
        codeSystemName="1220.0 - ANZSCO - Australian and New Zealand Standard Classification of Occupations, First Edition, 2006"
        displayName="General Medical Practitioner" />
      <addr use="WP">
        <streetAddressLine>1 Clinician Street</streetAddressLine>
        <city>Nehtaville</city>
        <state>QLD</state>
        <postalCode>5555</postalCode>
        <additionalLocator>32568931</additionalLocator>
        <country>Australia</country>
      </addr>
      <telecom use="WP" value="tel:0712341234" />
      <assignedPerson>
        <name>
          <given>Maisie</given>
          <family>FORD</family>
        </name>
        <!-- HPII based Employee Identifier -->
        <ext:asEntityIdentifier classCode="IDENT">
          <ext:id root="1.2.36.1.2001.1003.0.8003611566713495" assigningAuthorityName="HPI-I" />
          <ext:assigningGeographicArea classCode="PLC">
            <ext:name>National Identifier</ext:name>
          </ext:assigningGeographicArea>
        </ext:asEntityIdentifier>
        <ext:asEmployment classCode="EMP">
          <ext:employerOrganization>
            <name use="ORGL">Tes Health Service 838</name>
            <asOrganizationPartOf>
              <wholeOrganization>
                <name use="ORGL">Tes Health Service 838</name>
                <ext:asEntityIdentifier classCode="IDENT">
                  <ext:id root="1.2.36.1.2001.1003.0.8003623233372670"
                    assigningAuthorityName="HPI-O" />
                  <ext:assigningGeographicArea classCode="PLC">
                    <ext:name>National Identifier</ext:name>
                  </ext:assigningGeographicArea>
                </ext:asEntityIdentifier>
              </wholeOrganization>
            </asOrganizationPartOf>
          </ext:employerOrganization>
        </ext:asEmployment>
      </assignedPerson>
    </assignedAuthor>
  </author>
  <!-- End author -->

  <!-- Begin legalAuthenticator -->
  <!-- <legalAuthenticator>
    <time value="200910201235+1000" />
    <signatureCode code="S" />
    <assignedEntity>
      <id root="123F9366-78EC-11DF-861B-EE24DFD72085" />
      <code code="253111" codeSystem="2.16.840.1.113883.13.62"
        codeSystemName="1220.0 - ANZSCO - Australian and New Zealand Standard Classification of
  Occupations, First Edition, Revision 1"
        displayName="General Medical Practitioner" />
      <addr use="WP">
        <streetAddressLine>1 Clinician Street</streetAddressLine>
        <city>Nehtaville</city>
        <state>QLD</state>
        <postalCode>5555</postalCode>
      </addr>
      <telecom use="WP" value="tel:0712341234" />
      <assignedPerson>
        <name>
          <prefix>Dr.</prefix>
          <given>General</given>
          <family>Doctor</family>
        </name>
        <ext:asEntityIdentifier classCode="IDENT">
          <ext:id assigningAuthorityName="HPI-I" root="1.2.36.1.2001.1003.0.8003611566682112" />
          <ext:assigningGeographicArea classCode="PLC">
            <ext:name>National Identifier</ext:name>
          </ext:assigningGeographicArea>
        </ext:asEntityIdentifier>
      </assignedPerson>
      <representedOrganization>
        <name>Good Health Clinic</name>
        <ext:asEntityIdentifier classCode="IDENT">
          <ext:id assigningAuthorityName="HPI-O" root="1.2.36.1.2001.1003.0.8003621566684455" />
          <ext:assigningGeographicArea classCode="PLC">
            <ext:name>National Identifier</ext:name>
          </ext:assigningGeographicArea>
        </ext:asEntityIdentifier>
      </representedOrganization>
    </assignedEntity>
  </legalAuthenticator> -->
  <!-- End legalAuthenticator -->


  <!-- Begin custodian -->
  <custodian>
    <assignedCustodian>
      <representedCustodianOrganization>
        <id root="E61669E6-2D08-4821-960D-9E93026DE979" />
        <name>Tes Health Service 838</name>
        <ext:asEntityIdentifier classCode="IDENT">
          <ext:id root="1.2.36.1.2001.1003.0.8003623233372670" assigningAuthorityName="HPI-O" />
        </ext:asEntityIdentifier>
      </representedCustodianOrganization>
    </assignedCustodian>
  </custodian>
  <!-- End custodian -->
  <participant typeCode="REFB">
    <time value="20240321" />
    <associatedEntity classCode="ASSIGNED">
      <id root="D1AE110F-E0FE-4038-A5C8-155CC2894920" />
      <code code="253111" codeSystem="2.16.840.1.113883.13.62"
        codeSystemName="1220.0 - ANZSCO - Australian and New Zealand Standard Classification of Occupations, First Edition, 2006"
        displayName="General Medical Practitioner" />
      <addr use="WP">
        <streetAddressLine>1 Clinician Street</streetAddressLine>
        <city>Nehtaville</city>
        <state>QLD</state>
        <postalCode>5555</postalCode>
        <country>Australia</country>
      </addr>
      <telecom value="tel: 0400000000" use="WP" />
      <associatedPerson>
        <name>
          <prefix>Dr.</prefix>
          <given>Allen</given>
          <family>Smith</family>
          <suffix>Jr.</suffix>
        </name>
        <!-- HPII based Employee Identifier -->
        <ext:asEntityIdentifier classCode="IDENT">
          <ext:id root="1.2.36.1.2001.1003.0.8003611566713495" assigningAuthorityName="HPI-I" />
          <ext:assigningGeographicArea classCode="PLC">
            <ext:name>National Identifier</ext:name>
          </ext:assigningGeographicArea>
        </ext:asEntityIdentifier>
        <ext:asEmployment classCode="EMP">
          <ext:employerOrganization>
            <name use="ORGL">Tes Health Service 838</name>
            <asOrganizationPartOf>
              <wholeOrganization>
                <name use="ORGL">Tes Health Service 838</name>
                <ext:asEntityIdentifier classCode="IDENT">
                  <ext:id root="1.2.36.1.2001.1003.0.8003623233372670"
                    assigningAuthorityName="HPI-O" />
                  <ext:assigningGeographicArea classCode="PLC">
                    <ext:name>National Identifier</ext:name>
                  </ext:assigningGeographicArea>
                </ext:asEntityIdentifier>
              </wholeOrganization>
            </asOrganizationPartOf>
          </ext:employerOrganization>
        </ext:asEmployment>
      </associatedPerson>
    </associatedEntity>
  </participant>
  <!-- Begin Encounter Period -->
  <componentOf>
    <encompassingEncounter>
      <effectiveTime xsi:type="IVL_TS">
        <width value="3" unit="wk" />
        <!-- <low value="201112141100+1000" />-->
        <high value="201112141130+1000" />
      </effectiveTime>
    </encompassingEncounter>
  </componentOf>
  <!-- End Encounter Period -->
  <component>
    <structuredBody>
      <!-- Start Response Details section -->
      <component>
        <section>
          <code code="101.16611"
            codeSystem="1.2.36.1.2001.1001.101"
            codeSystemName="NCTIS Data Components"
            displayName="Response Details" />
          <title>Response Details</title>
          <text>...</text>

          <!-- Start Procedure -->
          <entry>
            <procedure classCode="PROC" moodCode="EVN">
              <id root="B8EF5108-5BF2-11E0-B728-A6F8DFD72085" />
              <code code="397956004"
                codeSystem="2.16.840.1.113883.6.96"
                codeSystemName="SNOMED-CT"
                displayName="hip replacement" />
            </procedure>
          </entry>
          <!-- End Procedure -->

          <!-- Begin Diagnosis -->
          <entry><!-- [diag] -->
            <observation classCode="OBS" moodCode="EVN">
              <!-- ID is used for system purposes such as matching -->
              <id root="81FEB786-C465-11DE-B347-E8CA56D89593" />
              <code code="282291009"
                codeSystem="2.16.840.1.113883.6.96"
                codeSystemName="Snomed CT-AU"
                displayName="Diagnosis interpretation" />
              <!-- Diagnosis Identification -->
              <value xsi:type="CD"
                code="236629009"
                codeSystem="2.16.840.1.113883.6.96"
                codeSystemName="SNOMED-CT"
                codeSystemVersion="20090731"
                displayName="Chronic radiation cystitis" />
            </observation>
          </entry>
          <!-- End Diagnosis -->

          <!-- Begin Other Diagnosis Procedure Entry One -->
          <entry>
            <act classCode="ACT" moodCode="EVN">
              <!-- ID is used for system purposes such as matching -->
              <id root="39655E76-C465-11DE-8B04-0BC756D89593" />
              <code code="102.15513.132.1.1"
                codeSystem="1.2.36.1.2001.1001.101"
                codeSystemName="NCTIS Data Components"
                displayName="Other Diagnosis Procedure Entry" />
              <!-- Other Diagnosis Procedure Entry Description -->
              <text xsi:type="ST">Text description of first Diagnosis Procedure Entry</text>
            </act>
          </entry>
          <!-- End Other Diagnosis Procedure Entry One-->
          <!-- Begin Other Diagnosis Procedure Entry Two -->
          <entry>
            <act classCode="ACT" moodCode="EVN">
              <!-- ID is used for system purposes such as matching -->
              <id root="39655E76-C465-11DE-8B04-0BC756D84443" />
              <code code="102.15513.132.1.1"
                codeSystem="1.2.36.1.2001.1001.101"
                codeSystemName="NCTIS Data Components"
                displayName="Other Diagnosis Procedure Entry" />
              <!-- Other Diagnosis Procedure Entry Description -->
              <text xsi:type="ST">Text description of second Diagnosis Procedure Entry </text>
            </act>
          </entry>
          <!-- End Other Diagnosis Procedure Entry Two-->

          <!-- Begin Narrative -->
          <entry>
            <act classCode="ACT" moodCode="EVN">
              <!-- ID is used for system purposes such as matching -->
              <id root="39655E76-C465-11DE-8B04-0BC756D89593" />
              <code code="102.15513.132.1.2"
                codeSystem="1.2.36.1.2001.1001.101"
                codeSystemName="NCTIS Data Components"
                displayName="Response Narrative" />
              <!-- Response Narrative -->
              <text xsi:type="ST">Text description of the Narrative</text>
            </act>
          </entry>
          <!-- End Narrative -->
        </section>
      </component>
      <!-- End Response Details Section -->
      <!-- Begin Administrative Observations section -->
      <component><!-- [admin_obs] -->
        <section>
          <id root="88CDBCA4-EFD1-11DF-8DE4-E4CDDFD72085" />
          <code code="102.16080"
            codeSystem="1.2.36.1.2001.1001.101"
            codeSystemName="NCTIS Data Components"
            displayName="Administrative Observations" />
          <title>Administrative Observations</title>
          <!-- Narrative text for Administrative Observations -->
          <text>Hello</text>
        </section>
      </component><!-- [admin_obs] -->
      <!-- End Administrative Observations section -->

      <!-- Begin Recommendations section -->
      <component>
        <section>
          <code code="101.16606"
            codeSystem="1.2.36.1.2001.1001.101"
            codeSystemName="NCTIS Data Components"
            displayName="Recommendations" />
          <title>Recommendations</title>
          <text>...</text>

          <!-- Recommendations Exclusion -->
          <entry>
            <observation classCode="OBS" moodCode="EVN">
              <code code="102.16134" codeSystem="1.2.36.1.2001.1001.101"
                codeSystemName="NCTIS Data Components" displayName="Recommendations Exclusion" />
              <value xsi:type="ST">No Recommendations.</value>
            </observation>
          </entry>
          <!-- End Recommendations Exclusion -->
        </section>
      </component>
      <!-- End Recommendations section -->

      <!-- Begin Medications section -->
      <component><!-- [meds] -->
        <section>
          <code code="101.16146"
            codeSystem="1.2.36.1.2001.1001.101"
            codeSystemName="NCTIS Data Components"
            displayName="Medications" />
          <title>Medications</title>
          <text>...</text>
          <!-- Exclusion Statement - Medications -->
          <entry>
            <observation classCode="OBS" moodCode="EVN">
              <code code="103.16302.132.1.1" codeSystem="1.2.36.1.2001.1001.101"
                codeSystemName="NCTIS Data Components"
                displayName="Global Statement" />
              <value code="01" codeSystem="1.2.36.1.2001.1001.101.104.16299"
                codeSystemName="NCTIS Global Statement Values"
                displayName="None known" xsi:type="CD" />
            </observation>
          </entry>
          <!-- End Exclusion Statement - Medications -->
        </section>
      </component>
      <component>
        <section>
          <title>Attached Content</title>
          <text mediaType="text/x-hl7-text+xml">
            <renderMultiMedia referencedObject="c12070dc-bf5d-4961-a694-a919b2a6a16d">
              <caption>Structured Body File</caption>
            </renderMultiMedia>
          </text>
          <entry>
            <observationMedia ID="c12070dc-bf5d-4961-a694-a919b2a6a16d" classCode="OBS"
              moodCode="EVN">
              <id root="79693654-3d41-4e12-90f6-2ea6e4c02896" />
              <value mediaType="application/pdf" integrityCheck="C0/XBGWcpUCHEldRxJ7fvGIPjQQ=">
                <reference value="NCFU.pdf" />
              </value>
            </observationMedia>
          </entry>
        </section>
      </component>
    </structuredBody>
  </component>
</ClinicalDocument>