<?xml version="1.0" encoding="utf-8"?>
<?xml-stylesheet href="genericNew.xsl" type="text/xsl"?>
<!--
ACN: KHK 19-Nov-2012 - Medicare ACIR template from official Medicare document. Cannot be uploaded via B2B, must fire into HTB directly.
Static Level 2/3 content
-->
<!-- TRUE COMMENT -->
<!--
Created by: McDagger V2.37 @22-Jan-2013 16:49 PM run 22-Jan-2013 18:18 PM by kah-hoe.kwa
Do not edit this SOAP/Metadata file or its associated CDA since it was machine generated.

PBS generated from ACIR_V112 (22-Jan-2013 11:11 AM)

Template:      1.2.36.1.2001.1006.1.16659.6 (conformance 3A)
LOINC:         100.16681

Index name:    Event Summary        
Date:          20120620 (201206201818)

Patient:       Miss Rose Child 
IHI:           8003608166686493
DOB:           201105191818 (20110519)

Author:        Dr. Chris Javad 
HPI-I:         8003613233333558
       
Organisation:  MediHome Croydon
HPI-O:         8003629900001245

Intended for:  SVT
B2B  office:   https://b2b.ehealthvendortest.health.gov.au/ uploadDocument
Mode:          test

 effectiveTime:   20120620
         NoUTC:   201206201818
           UTC:   201206201818+1000
 admissionTime:   20120620
         NoUTC:   201206201818
           UTC:   201206201818+1000 
     startTime:   20120620
         NoUTC:   201206201818
           UTC:   201206201818+1000     
 dischargeTime:   20120620
         NoUTC:   201206201818
           UTC:   201206201818+1000 
      stopTime:   20120620
         NoUTC:   201206201818
           UTC:   201206201818       
submissionTime:   201301221818+1000
         NoUTC:   201301221818
           UTC:   201301221818+1000
     birthTime:   20110519
         NoUTC:   201105191818
           UTC:   201105191818+1000        
           DOB:   20110519
         NoUTC:   201105191818
           UTC:   201105191818+1000           
        DOBAus:   19-May-2011
     deathtime:   
         NoUTC:   
           UTC:        
        VMTime:   22-Jan-2013 11:11 AM
       created:   22-Jan-2013 18:18 PM
               
-->
<ClinicalDocument xmlns="urn:hl7-org:v3" xmlns:ns2="http://ns.electronichealth.net.au/Ci/Cda/Extensions/3.0">
  <typeId extension="POCD_HD000040" root="2.16.840.1.113883.1.3" />
  <templateId extension="1.1" root="1.2.36.1.2001.1001.101.100.1002.144" />
  <templateId extension="1.0" root="1.2.36.1.2001.1001.100.149" />
  <id root="1.3.16.1.38818.74789806" />
  <code displayName="Australian Childhood Immunisation Register" codeSystemName="NCTIS Data Components" codeSystem="1.2.36.1.2001.1001.101" code="100.16659" />
  <effectiveTime value="201206201818+1000" />
  <confidentialityCode nullFlavor="NA" />
  <ns2:completionCode displayName="Final" codeSystemName="NCTIS Document Status Values" codeSystem="1.2.36.1.2001.1001.101.104.20104" code="F" />
  <recordTarget>
    <patientRole>
      <id nullFlavor="NA" />
      <patient>
        <name>
          <family>Child</family>
          <given>Rose</given> 
        </name>
        <administrativeGenderCode displayName="Female" codeSystemName="AS 5017-2006 Health Care Client Identifier Sex" codeSystem="2.16.840.1.113883.13.68" code="F" />
        <birthTime value="20110519" />
        <ns2:asEntityIdentifier classCode="IDENT">
          <ns2:id assigningAuthorityName="IHI" root="1.2.36.1.2001.1003.0.8003608666976659" />
        </ns2:asEntityIdentifier>
      </patient>
    </patientRole>
  </recordTarget>
  <author>
    <time value="201206201818+1000" />
    <assignedAuthor>
      <id nullFlavor="NA" />
      <code nullFlavor="NA" />
      <assignedAuthoringDevice>
        <softwareName>DHS Medicare Repository Services</softwareName>
        <ns2:asEntityIdentifier classCode="IDENT">
          <ns2:id assigningAuthorityName="PAI-D" root="1.2.36.1.2001.1007.20.8003640003000018" />
        </ns2:asEntityIdentifier>
      </assignedAuthoringDevice>
    </assignedAuthor>
  </author>
  <custodian>
    <assignedCustodian>
      <representedCustodianOrganization>
        <id nullFlavor="NA" />
        <ns2:asEntityIdentifier classCode="IDENT">
          <ns2:id assigningAuthorityName="PAI-O" root="1.2.36.1.2001.1007.1.8003640001000010" />
        </ns2:asEntityIdentifier>
      </representedCustodianOrganization>
    </assignedCustodian>
  </custodian>
  <component>
    <structuredBody>
      <component>
        <section>
          <code displayName="Australian Childhood Immunisation Register Entries" codeSystemName="NCTIS Data Components" codeSystem="1.2.36.1.2001.1001.101" code="101.16658" />
          <title>Australian Childhood Immunisation Register Entries</title>
          <text>
            <table>
              <tbody>
                <tr>
                  <th>Vaccine Code</th>
                  <th>Vaccine</th>
                  <th>Protection Against</th>
                  <th>Date Administered</th>
                  <th>Dose Number</th>
                </tr>
                <tr>
                  <td>HBVP</td>
                  <td>HBVAX II</td>
                  <td>Hepatitis B (paediatric)</td>
                  <td>20/06/2012</td>
                  <td>1</td>
                </tr>
              </tbody>
            </table>
          </text>
          <entry typeCode="DRIV">
            <substanceAdministration moodCode="EVN" classCode="SBADM">
              <id nullFlavor="NA" />
              <effectiveTime value="201206201818+1000" />
              <consumable typeCode="CSM">
                <manufacturedProduct classCode="MANU">
                  <manufacturedMaterial determinerCode="KIND" classCode="MMAT">
                    <code displayName="HBVAX II" codeSystemName="Australian Vaccine Code" codeSystem="1.2.36.1.2001.1005.17" code="HBVP" />
                    <ns2:asIngredient classCode="INGR">
                      <ns2:ingredientManufacturedMaterial determinerCode="KIND" classCode="MMAT">
                        <ns2:code nullFlavor="NA">
                          <originalText>Hepatitis B (Paediatric)</originalText>
                        </ns2:code>
                      </ns2:ingredientManufacturedMaterial>
                    </ns2:asIngredient>
                  </manufacturedMaterial>
                </manufacturedProduct>
              </consumable>
              <entryRelationship typeCode="COMP">
                <sequenceNumber value="1" />
                <supply moodCode="EVN" classCode="SPLY">
                  <independentInd value="false" />
                </supply>
              </entryRelationship>
            </substanceAdministration>
          </entry>
        </section>
      </component>
      <component>
        <section>
          <code displayName="Administrative Observations" codeSystemName="NCTIS Data Components" codeSystem="1.2.36.1.2001.1001.101" code="102.16080" />
          <title>Administrative Observations</title>
          <text>
            <table>
              <tbody>
                <tr>
                  <th>Age when record was created</th>
                  <td>1 year</td>
                </tr>
              </tbody>
            </table>
          </text>
          <entry>
            <observation moodCode="EVN" classCode="OBS">
              <id nullFlavor="NA" />
              <code displayName="Age" codeSystemName="NCTIS Data Components" codeSystem="1.2.36.1.2001.1001.101" code="103.20109" />
              <value xsi:type="PQ" unit="a" value="1" xmlns:xsi="http://www.w3.org/2001/XMLSchema-instance" />
            </observation>
          </entry>
        </section>
      </component>
    </structuredBody>
  </component>
</ClinicalDocument>
