<?xml version="1.0" encoding="UTF-8"?><sp:signedPayload xmlns:sp="http://ns.electronichealth.net.au/xsp/xsd/SignedPayload/2010"><sp:signatures><Signature xmlns="http://www.w3.org/2000/09/xmldsig#"><SignedInfo><CanonicalizationMethod Algorithm="http://www.w3.org/2001/10/xml-exc-c14n#"/><SignatureMethod Algorithm="http://www.w3.org/2001/04/xmldsig-more#rsa-sha256"/><Reference URI="#d59478fd-aa0e-441a-bb31-2a6cb0835ad6"><Transforms><Transform Algorithm="http://www.w3.org/2001/10/xml-exc-c14n#"/></Transforms><DigestMethod Algorithm="http://www.w3.org/2001/04/xmlenc#sha256"/><DigestValue>CsevMBqgLAPaCRGTxYSUroZJ23tzHTI9rQOM6ZdKwv0=</DigestValue></Reference></SignedInfo><SignatureValue>g0GmBevlxk8eQv3692T8BbkJ2h4Q1qsianeIkAEH2FsUftGXBTHK1zEZy1G8yZ+DavkHS+mNCobY&#13;
E/BTy2Hl9hQ7JEF0Ks6CRTn5biHTkyw9gc1SD0+ziFkDBrFI7V+i/osumjwAKZCKnQOGrhNIJFrt&#13;
p9QRqo4cLuiOUbfKDftN5KX7exdIdEaQm2Thi7Xdi9Z7f0sB9n2qyleYX52yGdI8own2EOWUUvQM&#13;
TVWGP5n9PM/N+AfOzt4u60T3vnitBLIwDdAqEdUNmusLeWRwOywKQQKgNzR5mRz5QZVcDMAj0lVQ&#13;
DGWQ8LpB7M65YM28A5q/5KQANykDtN5g8kDP/g==</SignatureValue><KeyInfo><X509Data><X509Certificate>MIIGFDCCBPygAwIBAgICPwUwDQYJKoZIhvcNAQELBQAwejELMAkGA1UEBhMCQVUxDDAKBgNVBAoT&#13;
A0dPVjEWMBQGA1UECxMNSHVtYW5zZXJ2aWNlczFFMEMGA1UEAxM8VGVzdCBNZWRpY2FyZSBBdXN0&#13;
cmFsaWEgT3JnYW5pc2F0aW9uIENlcnRpZmljYXRpb24gQXV0aG9yaXR5MB4XDTIzMTAyNzAyMTYw&#13;
N1oXDTI1MTAyNzAyMTYwN1owgeAxEjAQBgoJkiaJk/IsZAEZFgJhdTETMBEGCgmSJomT8ixkARkW&#13;
A25ldDEgMB4GCgmSJomT8ixkARkWEGVsZWN0cm9uaWNoZWFsdGgxEjAQBgoJkiaJk/IsZAEZFgJp&#13;
ZDEgMB4GCgmSJomT8ixkARkWEDgwMDM2MjMyMzMzNzI2NzAxHzAdBgNVBAoTFlRlcyBIZWFsdGgg&#13;
U2VydmljZSA4MzgxPDA6BgNVBAMTM2dlbmVyYWwuODAwMzYyMzIzMzM3MjY3MC5pZC5lbGVjdHJv&#13;
bmljaGVhbHRoLm5ldC5hdTCCASIwDQYJKoZIhvcNAQEBBQADggEPADCCAQoCggEBAOX5PLm8cpXg&#13;
BfK/vCccn0SLfkejLTTcW2z97Aljp3eriIY3r6D1P1XE2gBXzg/gTIvO1FTpCkJjLK6XkYXGPGGi&#13;
ye4jcMx21syVl8Y9UF96nGtm/zNHto6MZ6XCSjPzewjw3TUIc9ll2C9nd5PeQDbKNF0HJD34zOuD&#13;
27RkGCnB8qvmLCOzlC2SGTCPwehUfh0mDgRgnWjjLSukEeWu3th0JaFXOXIyyOZcbQMDp0fZCXa3&#13;
tOUmAwQGVqntYRNcunJVFMra6/9yqXHrUli1XT7Fia4gBA2vD57Z0Dg4S6N14rf7GMeW/ZiOjX0B&#13;
izaQlOEnKIIERllPEtS1e5eg3QMCAwEAAaOCAjswggI3MAwGA1UdEwEB/wQCMAAwTAYIKwYBBQUH&#13;
AQEEQDA+MDwGCCsGAQUFBzABhjBodHRwOi8vbWF0ZXN0b2NzcC5jZXJ0aWZpY2F0ZXMtYXVzdHJh&#13;
bGlhLmNvbS5hdS8wggEcBgNVHSAEggETMIIBDzCCAQsGCiok0v6AdwEUAQEwgfwwgcsGCCsGAQUF&#13;
BwICMIG+GoG7Q2VydGlmaWNhdGVzIGlzc3VlZCB1bmRlciB0aGlzIENQIG11c3Qgb25seSBiZSBy&#13;
ZWxpZWQgb24gYnkgZW50aXRpZXMgd2l0aGluIHRoZSBDb21tdW5pdHkgb2YgSW50ZXJlc3QsIHVu&#13;
bGVzcyBvdGhlcndpc2UgYWdyZWVkLCBhbmQgbm90IGZvciBwdXJwb3NlcyBvdGhlciB0aGFuIHRo&#13;
b3NlIHBlcm1pdHRlZCBieSB0aGlzIENQLjAsBggrBgEFBQcCARYgaHR0cDovL3d3dy5odW1hbnNl&#13;
cnZpY2VzLmdvdi5hdS8wGQYJKiSjkJUXAc4ZBAwWCjQ1MDAxMzExMzMwDgYDVR0PAQH/BAQDAgSw&#13;
MB8GA1UdIwQYMBaAFK9g3nVhy09qMKE2k0ZNZTMAiK3uME4GA1UdHwRHMEUwQ6BBoD+GPWh0dHA6&#13;
Ly9tYXRlc3QuY2VydGlmaWNhdGVzLWF1c3RyYWxpYS5jb20uYXUvTUFPQ0EyL2xhdGVzdC5jcmww&#13;
HQYDVR0OBBYEFJnRgwnLQKW4m3hg2BcFpegzc79oMA0GCSqGSIb3DQEBCwUAA4IBAQADKfHeS1rb&#13;
k3zSSnQyFRO7UieGka8cZUwHfVbmBFDOE0UFLpRV1k+B4CTtCVVVarMAryKlis8GRPreRHuIXkWL&#13;
ZbfiG4vKxW9n2W3nZASUNgGgZMKCo5n/Yb4DES03kcAn4flOdLmhMC+y/4eN6sDMw+Bpz5pbmotY&#13;
N4dRTdxi4bV+ina/FrfFOeqUptzENeyci84tPlouxXL1trANJwIBjVJ4eyDFkEigmmw+EsKmfjZo&#13;
ijNSqhuWmeN3l2kuMXziWhqRgmzMndv4Fv2Nt5pY5PRgybijCV9wYtpoDFA3ubTe2Grdysrze1Hz&#13;
JiBVRkuFaEz33Ai6zTztpNHucUPq</X509Certificate></X509Data></KeyInfo></Signature></sp:signatures><sp:signedPayloadData id="d59478fd-aa0e-441a-bb31-2a6cb0835ad6"><q1:eSignature xmlns:q1="http://ns.electronichealth.net.au/cdaPackage/xsd/eSignature/2012"><Manifest xmlns="http://www.w3.org/2000/09/xmldsig#"><Reference URI="CDA_ROOT.XML"><DigestMethod Algorithm="http://www.w3.org/2000/09/xmldsig#sha1"/><DigestValue>B4S66FNB+iN4FTuVX7Em6KRarK0=</DigestValue></Reference></Manifest><q1:signingTime>2024-03-21T05:52:05.0000303Z</q1:signingTime><q1:approver><q1:personId>http://ns.electronichealth.net.au/id/hi/hpii/1.0/8003611566713495</q1:personId><q1:personName><q1:nameTitle>Dr.</q1:nameTitle><q1:givenName>Good</q1:givenName><q1:familyName>Environment</q1:familyName></q1:personName></q1:approver></q1:eSignature></sp:signedPayloadData></sp:signedPayload>